segment_id,length_m,green,water,sunlight,open_sky,quiet,vibrant,rest,culture,luck_score,in_fastest,in_lucky
0,101.2,0.18,0.075,0.897,0.547,0.059,0.387,0.673,0.272,0.3882,1,1
1,133.2,0.589,0.028,0.381,0.297,0.377,0.413,0.702,0.689,0.4212,0,0
2,101.2,0.507,0.329,0.509,0.103,0.249,0.77,0.342,0.74,0.4383,0,0
3,133.2,0.609,0.102,0.598,0.277,0.429,0.147,0.178,0.885,0.4018,0,0
4,101.2,0.552,0.203,0.776,0.893,0.348,0.467,0.551,0.612,0.5585,0,0
5,133.2,0.604,0.348,0.485,0.559,0.236,0.264,0.587,0.668,0.4677,0,0
6,101.2,0.273,0.499,0.374,0.992,0.253,0.07,0.794,0.08,0.4236,0,0
7,133.2,0.256,0.09,0.026,0.262,0.558,0.819,0.937,0.427,0.4003,0,0
8,101.2,0.399,0.262,0.063,0.375,0.781,0.269,0.633,0.509,0.3979,0,0
9,133.2,0.724,0.213,0.196,0.902,0.362,0.526,0.0,0.208,0.4114,0,0
10,101.2,0.459,0.689,0.394,0.421,0.897,0.956,0.538,0.437,0.5944,0,0
11,133.2,0.885,0.349,0.012,0.094,0.273,0.219,0.326,0.444,0.3181,0,0
12,101.2,0.752,0.452,0.654,0.679,0.397,0.787,0.071,0.513,0.5546,0,0
13,101.2,0.439,0.595,0.588,0.492,0.314,0.694,0.941,0.795,0.5974,1,1
14,133.2,0.431,0.167,0.371,0.592,0.707,0.366,0.484,0.459,0.4449,0,0
15,101.2,0.527,0.781,0.032,0.548,0.274,0.081,0.925,0.399,0.4367,0,0
16,133.2,0.698,0.901,0.155,0.766,0.652,0.121,0.419,0.514,0.534,0,0
17,101.2,0.503,0.628,0.811,0.877,0.034,0.188,0.609,0.859,0.5731,0,0
18,133.2,0.518,0.937,0.711,0.753,0.927,0.041,0.581,0.994,0.6831,0,0
19,101.2,1.0,0.854,0.083,0.469,0.242,0.849,0.869,0.715,0.6261,0,0
20,133.2,0.334,0.911,0.84,0.909,0.736,0.134,0.671,0.006,0.5785,0,0
21,101.2,0.744,0.557,0.814,0.418,0.717,0.688,0.683,0.849,0.6768,0,0
22,133.2,0.254,0.457,0.751,0.2,0.869,0.212,0.873,0.887,0.5428,0,0
23,101.2,0.389,0.864,0.241,0.118,0.279,0.694,0.473,0.513,0.4404,0,0
24,133.2,0.305,0.427,0.837,0.454,0.999,0.117,0.273,0.725,0.5174,0,0
25,101.2,0.066,0.775,0.725,0.918,0.216,0.729,0.838,0.576,0.6112,0,0
26,101.2,0.42,0.499,0.563,0.465,0.112,0.11,0.589,0.695,0.4302,1,0
27,133.2,0.599,0.76,0.939,0.777,0.786,0.379,0.473,0.766,0.6924,0,1
28,101.2,0.633,0.734,0.798,0.626,0.643,0.516,0.773,0.515,0.6537,0,1
29,133.2,0.512,0.104,0.377,0.631,0.496,0.481,0.161,0.229,0.3834,0,0
30,101.2,0.255,0.662,0.466,0.029,0.544,0.976,0.264,0.129,0.4141,0,0
31,133.2,0.008,0.524,0.657,0.147,0.279,0.16,0.594,0.184,0.3132,0,0
32,101.2,0.617,0.996,0.274,0.768,0.257,0.656,0.563,0.014,0.5293,0,0
33,133.2,0.88,0.444,0.859,0.245,0.285,0.443,0.113,0.061,0.4276,0,0
34,101.2,0.536,0.368,0.111,0.255,0.351,0.089,0.016,0.767,0.3126,0,0
35,133.2,0.803,0.27,0.367,0.711,0.306,0.479,0.683,0.931,0.5655,0,0
36,101.2,0.285,0.591,0.816,0.121,0.864,0.619,0.251,0.921,0.5531,0,0
37,133.2,0.862,0.991,0.78,0.845,0.381,0.38,0.805,0.927,0.75,0,0
38,101.2,0.8,0.439,0.729,0.475,0.837,0.285,0.617,0.169,0.5418,0,0
39,101.2,0.237,0.093,0.265,0.908,0.062,0.937,0.458,0.255,0.4129,1,0
40,133.2,0.648,0.656,0.353,0.368,0.197,0.3,0.909,0.878,0.5254,0,0
41,101.2,0.215,0.579,0.359,0.638,0.623,0.766,0.247,0.181,0.4606,0,1
42,133.2,0.179,0.461,0.181,0.118,0.666,0.181,0.527,0.405,0.3264,0,0
43,101.2,0.04,0.297,0.574,0.853,0.24,0.383,0.189,0.24,0.3695,0,0
44,133.2,0.626,0.93,0.415,0.387,0.736,0.634,0.028,0.909,0.5892,0,0
45,101.2,0.076,0.684,0.218,0.567,0.245,0.995,0.157,0.415,0.4307,0,0
46,133.2,0.154,0.662,0.812,0.58,0.138,0.459,0.904,0.043,0.47,0,0
47,101.2,0.563,0.998,0.751,0.108,0.194,0.902,0.68,0.414,0.5719,0,0
48,133.2,0.105,0.516,0.778,0.829,0.51,0.65,0.811,0.961,0.6433,0,0
49,101.2,0.284,0.519,0.126,0.374,0.612,0.217,0.711,0.778,0.4384,0,0
50,133.2,0.803,0.546,0.123,0.987,0.964,0.062,0.993,0.705,0.6389,0,0
51,101.2,0.145,0.591,0.22,0.568,0.807,0.373,0.067,0.162,0.3759,0,0
52,101.2,0.872,0.8,0.741,0.876,0.269,0.681,0.209,0.713,0.665,1,0
53,133.2,0.984,0.149,0.775,0.19,0.316,0.064,0.491,0.38,0.4145,0,0
54,101.2,0.442,0.224,0.866,0.332,0.831,0.506,0.995,0.868,0.6136,0,1
55,133.2,0.221,0.199,0.042,0.025,0.333,0.464,0.044,0.18,0.1866,0,0
56,101.2,0.582,0.726,0.02,0.312,0.527,0.178,0.87,0.835,0.4879,0,0
57,133.2,0.074,0.634,0.141,0.526,0.319,0.685,0.728,0.89,0.4909,0,0
58,101.2,0.89,0.302,0.27,0.78,0.87,0.183,0.162,0.22,0.47,0,0
59,133.2,0.416,0.934,0.385,0.528,0.266,0.462,0.293,0.161,0.4418,0,0
60,101.2,0.662,0.578,0.23,0.44,0.514,0.343,0.024,0.67,0.4396,0,0
61,133.2,0.765,0.953,0.098,0.112,0.798,0.681,0.5,0.094,0.4922,0,0
62,101.2,0.517,0.249,0.117,0.447,0.136,0.122,0.332,0.728,0.33,0,0
63,133.2,0.187,0.889,0.419,0.567,0.712,0.336,0.792,0.838,0.5839,0,0
64,101.2,0.401,0.683,0.027,0.341,0.299,0.071,0.342,0.166,0.292,0,0
65,101.2,0.693,0.793,0.902,0.628,0.083,0.312,0.562,0.485,0.5668,1,0
66,133.2,0.836,0.927,0.041,0.552,0.103,0.908,0.495,0.171,0.5107,0,0
67,101.2,0.555,0.406,0.011,0.836,0.045,0.093,0.768,0.951,0.4545,0,0
68,133.2,0.488,0.073,0.342,0.516,0.62,0.684,0.771,0.673,0.5091,0,1
69,101.2,0.35,0.912,0.29,0.163,0.348,0.955,0.641,0.567,0.5193,0,0
70,133.2,0.91,0.08,0.422,0.882,0.028,0.657,0.2,0.971,0.5323,0,1
71,101.2,0.904,0.028,0.87,0.153,0.499,0.397,0.682,0.045,0.4392,0,0
72,133.2,0.072,0.902,0.403,0.741,0.255,0.969,0.434,0.488,0.5434,0,1
73,101.2,0.121,0.61,0.619,0.205,0.911,0.421,0.49,0.559,0.483,0,0
74,133.2,0.293,0.18,0.982,0.401,0.417,0.118,0.72,0.885,0.4911,0,1
75,101.2,0.831,0.681,0.254,0.615,0.872,0.852,0.809,0.674,0.6896,0,1
76,133.2,0.372,0.147,0.476,0.734,0.798,0.13,0.069,0.507,0.4141,0,0
77,101.2,1.0,0.794,0.19,0.924,0.515,0.727,0.267,0.735,0.6573,0,0
78,133.2,0.174,0.321,0.821,0.26,0.921,0.455,0.746,0.379,0.497,1,0
79,133.2,0.771,0.171,0.455,0.178,0.344,0.512,0.04,0.268,0.3472,1,0
80,133.2,0.211,0.092,0.443,0.533,0.542,0.323,0.981,0.025,0.3826,1,0
81,133.2,0.984,0.68,0.528,0.286,0.534,0.284,0.078,0.885,0.5363,1,0
82,133.2,0.999,0.594,0.767,0.821,0.11,0.009,0.63,0.896,0.6101,1,0
83,133.2,0.241,0.162,0.834,0.869,0.47,0.333,0.183,0.758,0.4953,1,1
